Student_ID,Gender,Age,Department,Attendance_Percentage,Study_Hours_Per_Day,Sleep_Hours_Per_Day,Math_Marks,Science_Marks,English_Marks,Average_Marks,Performance
S001,Female,21,Computer Science,85.0,3.3,7.8,84.8,91.1,98.7,91.53,Excellent
S002,Female,18,Mathematics,78.6,3.7,6.1,74.6,76.9,81.4,77.63,Good
S003,Male,22,Business,86.5,5.6,7.9,90.1,88.4,90.9,89.8,Excellent
S004,Female,19,Business,95.2,5.4,8.4,100.0,100.0,99.9,99.97,Excellent
S005,Female,21,Business,77.7,4.5,7.4,83.8,85.7,79.5,83.0,Excellent
S006,Male,22,Information Technology,77.7,4.7,8.9,83.2,83.8,80.1,82.37,Excellent
S007,Female,21,Information Technology,95.8,6.4,6.2,81.3,91.3,91.2,87.93,Excellent
S008,Female,21,Computer Science,87.7,3.6,5.8,86.0,97.1,96.9,93.33,Excellent
S009,Female,19,Business,75.3,5.3,5.2,81.7,92.2,85.8,86.57,Excellent
S010,Female,20,Mathematics,85.4,4.2,8.5,100.0,100.0,100.0,100.0,Excellent
S011,Male,22,Information Technology,75.4,4.2,7.7,71.4,74.9,80.2,75.5,Good
S012,Female,19,Mathematics,75.3,6.1,6.9,84.4,89.9,93.6,89.3,Excellent
S013,Female,21,Mathematics,82.4,5.7,7.3,86.3,89.3,100.0,91.87,Excellent
S014,Female,19,Information Technology,60.9,5.7,5.9,95.9,85.1,100.0,93.67,Excellent
S015,Female,20,Information Technology,62.8,6.5,9.4,79.9,84.0,85.1,83.0,Excellent
S016,Male,22,Information Technology,74.4,4.5,7.1,89.1,85.3,83.4,85.93,Excellent
S017,Female,20,Information Technology,69.9,5.5,7.1,83.5,97.4,81.1,87.33,Excellent
S018,Male,18,Business,83.1,4.0,7.7,85.6,90.3,85.6,87.17,Excellent
S019,Female,22,Business,70.9,5.0,7.5,73.0,75.1,81.2,76.43,Good
S020,Male,20,Business,65.9,4.3,7.2,88.7,90.3,78.1,85.7,Excellent
S021,Male,21,Business,94.7,4.6,6.2,92.1,100.0,100.0,97.37,Excellent
S022,Male,22,Computer Science,77.7,5.4,7.5,78.3,82.6,82.1,81.0,Excellent
S023,Male,22,Business,80.7,3.3,8.9,83.7,82.4,84.4,83.5,Excellent
S024,Male,19,Information Technology,65.8,7.6,8.3,83.4,79.6,83.1,82.03,Excellent
S025,Female,21,Mathematics,74.6,3.0,8.6,84.6,86.6,91.3,87.5,Excellent
S026,Female,18,Business,81.1,2.7,6.5,64.9,74.0,72.7,70.53,Good
S027,Female,20,Computer Science,68.5,6.2,6.0,79.4,91.6,78.7,83.23,Excellent
S028,Male,19,Information Technology,83.8,5.7,6.9,90.7,100.0,100.0,96.9,Excellent
S029,Female,20,Mathematics,74.0,5.4,7.1,100.0,96.4,100.0,98.8,Excellent
S030,Male,18,Mathematics,77.1,5.4,8.1,95.2,81.5,89.2,88.63,Excellent
S031,Male,18,Business,74.0,4.5,5.3,73.3,79.7,84.6,79.2,Good
S032,Female,22,Mathematics,98.5,3.2,8.5,94.8,95.8,100.0,96.87,Excellent
S033,Female,18,Business,79.9,4.6,6.8,71.3,76.3,81.5,76.37,Good
S034,Male,20,Business,69.4,3.5,6.6,70.7,60.0,64.2,64.97,Average
S035,Male,21,Information Technology,88.2,6.0,6.0,90.7,95.4,96.7,94.27,Excellent
S036,Female,21,Information Technology,67.8,4.3,5.3,81.4,68.2,80.0,76.53,Good
S037,Female,22,Computer Science,82.1,3.3,7.8,80.3,77.4,71.2,76.3,Good
S038,Female,20,Information Technology,60.4,4.0,7.1,76.1,79.2,84.4,79.9,Good
S039,Female,20,Information Technology,66.7,5.1,5.7,84.1,78.4,86.1,82.87,Excellent
S040,Male,18,Business,82.0,3.7,5.7,84.9,65.4,80.7,77.0,Good
S041,Female,20,Information Technology,87.4,3.3,6.7,70.1,74.9,76.4,73.8,Good
S042,Female,19,Business,81.7,4.9,8.7,91.0,100.0,87.6,92.87,Excellent
S043,Female,18,Business,78.8,4.9,6.7,86.1,100.0,91.2,92.43,Excellent
S044,Male,19,Information Technology,77.0,3.7,5.5,73.3,79.1,83.9,78.77,Good
S045,Male,22,Computer Science,65.2,3.8,6.8,86.1,89.3,95.1,90.17,Excellent
S046,Male,21,Computer Science,72.8,4.8,6.7,66.3,77.7,72.2,72.07,Good
S047,Male,22,Mathematics,75.4,2.3,4.3,62.0,59.8,73.2,65.0,Good
S048,Female,21,Mathematics,90.6,2.4,6.9,71.3,79.7,75.9,75.63,Good
S049,Male,22,Information Technology,83.4,3.4,6.8,81.7,87.4,90.4,86.5,Excellent
S050,Female,20,Computer Science,62.4,4.2,7.7,68.8,85.7,83.7,79.4,Good
S051,Female,19,Business,83.2,5.0,8.8,85.7,86.5,85.8,86.0,Excellent
S052,Female,21,Mathematics,76.1,6.7,8.1,95.4,93.2,100.0,96.2,Excellent
S053,Female,18,Business,73.2,5.8,6.7,64.3,72.9,73.3,70.17,Good
S054,Male,19,Mathematics,86.1,4.3,5.9,98.3,95.3,100.0,97.87,Excellent
S055,Male,18,Information Technology,90.3,4.5,9.6,92.8,88.5,96.7,92.67,Excellent
S056,Male,19,Computer Science,89.3,3.0,7.1,85.0,95.9,92.7,91.2,Excellent
S057,Female,19,Mathematics,71.6,4.5,7.0,90.6,89.8,94.2,91.53,Excellent
S058,Female,22,Computer Science,76.9,4.1,7.0,86.2,83.1,87.8,85.7,Excellent
S059,Female,21,Business,83.3,5.0,7.2,87.0,100.0,97.0,94.67,Excellent
S060,Female,21,Information Technology,89.8,3.3,6.9,86.6,88.5,93.2,89.43,Excellent
S061,Female,19,Computer Science,75.2,5.3,6.4,91.5,91.6,93.0,92.03,Excellent
S062,Male,20,Information Technology,78.1,6.8,6.5,100.0,99.5,100.0,99.83,Excellent
S063,Female,20,Computer Science,68.9,4.3,7.0,82.0,70.1,88.2,80.1,Excellent
S064,Male,18,Business,68.0,5.1,6.5,80.9,93.0,81.8,85.23,Excellent
S065,Female,18,Business,88.1,5.5,6.3,89.7,95.6,100.0,95.1,Excellent
S066,Female,22,Information Technology,93.6,3.9,7.1,91.2,99.9,95.0,95.37,Excellent
S067,Male,19,Business,79.3,4.8,6.7,77.7,81.6,88.4,82.57,Excellent
S068,Male,18,Mathematics,90.0,4.5,8.5,97.1,100.0,100.0,99.03,Excellent
S069,Female,18,Computer Science,83.6,4.6,4.3,80.8,79.7,84.1,81.53,Excellent
S070,Female,19,Business,73.5,3.3,8.1,71.2,65.3,67.9,68.13,Good
S071,Female,22,Mathematics,83.6,4.5,8.2,91.0,92.5,85.0,89.5,Excellent
S072,Female,18,Information Technology,95.4,5.2,4.9,89.3,83.0,90.2,87.5,Excellent
S073,Male,22,Mathematics,79.6,6.7,6.7,91.1,100.0,100.0,97.03,Excellent
S074,Female,21,Information Technology,95.6,5.9,6.6,87.2,85.0,97.7,89.97,Excellent
S075,Male,22,Information Technology,53.8,7.7,5.6,84.7,84.0,90.2,86.3,Excellent
S076,Female,20,Computer Science,88.2,3.3,6.2,68.2,70.3,79.5,72.67,Good
S077,Male,20,Computer Science,80.9,5.8,5.9,95.5,78.8,86.1,86.8,Excellent
S078,Male,22,Mathematics,77.0,4.8,8.8,65.3,72.1,67.3,68.23,Good
S079,Female,20,Computer Science,80.9,7.8,7.9,82.2,80.6,77.8,80.2,Excellent
S080,Male,21,Computer Science,60.1,3.3,8.3,75.3,75.8,77.9,76.33,Good
S081,Female,19,Computer Science,77.8,3.2,7.7,84.9,88.2,94.0,89.03,Excellent
S082,Male,20,Mathematics,83.6,3.6,5.9,84.3,93.8,98.1,92.07,Excellent
S083,Female,20,Business,94.8,1.3,6.5,74.8,69.2,70.1,71.37,Good
S084,Male,22,Computer Science,74.8,3.7,7.5,82.7,81.2,79.9,81.27,Excellent
S085,Female,21,Computer Science,71.9,3.4,5.8,72.1,81.2,80.9,78.07,Good
S086,Female,19,Mathematics,75.0,4.7,7.7,65.6,78.7,78.7,74.33,Good
S087,Male,22,Business,89.2,5.0,6.8,91.3,100.0,100.0,97.1,Excellent
S088,Male,22,Computer Science,83.3,7.3,6.6,100.0,100.0,100.0,100.0,Excellent
S089,Male,21,Information Technology,74.7,5.9,7.7,78.0,82.3,86.1,82.13,Excellent
S090,Male,19,Mathematics,85.1,3.6,7.4,71.7,85.9,87.4,81.67,Excellent
S091,Female,21,Computer Science,81.0,3.2,6.6,82.9,78.6,88.7,83.4,Excellent
S092,Male,19,Computer Science,89.7,5.2,8.2,85.4,61.4,78.0,74.93,Good
S093,Female,21,Information Technology,73.0,2.5,5.9,71.7,76.9,74.5,74.37,Good
S094,Male,22,Information Technology,76.7,7.2,7.6,89.0,92.3,89.3,90.2,Excellent
S095,Female,22,Mathematics,76.1,6.3,7.6,79.5,70.3,83.7,77.83,Good
S096,Female,18,Mathematics,65.4,3.8,6.7,71.9,70.3,75.5,72.57,Good
S097,Female,20,Information Technology,83.0,1.9,7.3,94.9,96.4,94.0,95.1,Excellent
S098,Female,21,Mathematics,82.6,6.5,5.7,94.2,100.0,100.0,98.07,Excellent
S099,Male,18,Information Technology,80.1,4.3,7.9,79.2,80.9,85.6,81.9,Excellent
S100,Male,20,Computer Science,77.7,6.4,6.8,94.3,92.1,96.2,94.2,Excellent
S101,Female,21,Information Technology,65.8,2.1,6.5,77.2,82.6,89.0,82.93,Excellent
S102,Male,19,Information Technology,75.8,3.6,8.0,90.7,95.6,89.1,91.8,Excellent
S103,Male,20,Business,76.6,4.5,6.3,81.2,81.8,92.9,85.3,Excellent
S104,Female,22,Information Technology,72.0,4.6,5.6,71.0,73.8,81.6,75.47,Good
S105,Male,18,Information Technology,78.4,3.8,5.4,88.4,86.3,90.1,88.27,Excellent
S106,Male,20,Business,84.0,5.4,7.6,86.2,88.9,97.9,91.0,Excellent
S107,Male,20,Mathematics,98.9,2.9,5.7,93.1,96.6,90.1,93.27,Excellent
S108,Female,22,Business,81.7,4.3,8.8,88.1,99.3,87.5,91.63,Excellent
S109,Male,21,Computer Science,82.6,4.7,4.9,98.6,97.7,92.2,96.17,Excellent
S110,Female,19,Business,79.3,5.3,8.7,83.4,82.7,86.7,84.27,Excellent
S111,Male,22,Computer Science,60.8,5.6,7.2,88.9,90.5,100.0,93.13,Excellent
S112,Male,19,Mathematics,79.7,2.8,6.9,83.1,74.2,95.2,84.17,Excellent
S113,Male,21,Business,80.6,2.2,6.5,99.4,99.9,100.0,99.77,Excellent
S114,Female,20,Business,100.0,6.4,7.4,94.8,94.6,99.5,96.3,Excellent
S115,Female,19,Mathematics,78.1,5.0,7.0,97.7,99.8,93.7,97.07,Excellent
S116,Male,18,Computer Science,83.0,3.4,8.1,75.8,100.0,84.6,86.8,Excellent
S117,Female,18,Business,79.7,6.8,7.1,79.7,89.5,86.1,85.1,Excellent
S118,Male,22,Computer Science,68.3,4.7,7.2,73.3,74.1,76.8,74.73,Good
S119,Female,21,Business,91.4,6.3,6.6,87.9,91.9,95.1,91.63,Excellent
S120,Female,22,Information Technology,87.5,4.6,6.9,88.9,98.6,92.5,93.33,Excellent
S121,Male,22,Business,87.9,7.6,7.3,100.0,100.0,95.5,98.5,Excellent
S122,Male,22,Mathematics,70.9,7.1,5.3,85.6,78.7,91.6,85.3,Excellent
S123,Male,18,Mathematics,94.0,4.1,5.7,87.1,95.0,87.0,89.7,Excellent
S124,Male,18,Computer Science,66.0,6.0,7.7,100.0,98.7,100.0,99.57,Excellent
S125,Female,22,Business,85.9,5.5,7.2,100.0,100.0,100.0,100.0,Excellent
S126,Female,18,Computer Science,100.0,6.6,6.8,91.7,100.0,100.0,97.23,Excellent
S127,Female,21,Computer Science,70.1,3.1,7.0,70.0,75.4,67.0,70.8,Good
S128,Male,22,Information Technology,74.3,5.5,7.3,84.0,94.2,88.3,88.83,Excellent
S129,Male,18,Information Technology,81.0,6.1,6.5,87.4,96.8,100.0,94.73,Excellent
S130,Female,19,Mathematics,75.0,1.9,6.2,67.4,71.7,79.2,72.77,Good
S131,Male,22,Computer Science,64.5,2.7,7.2,76.3,74.1,67.5,72.63,Good
S132,Female,22,Mathematics,80.7,1.4,6.0,66.1,58.8,67.5,64.13,Average
S133,Female,21,Business,69.4,4.1,7.4,79.4,80.2,83.1,80.9,Excellent
S134,Female,20,Computer Science,84.7,5.6,5.3,100.0,100.0,98.1,99.37,Excellent
S135,Female,20,Computer Science,70.8,6.8,8.0,83.4,84.0,100.0,89.13,Excellent
S136,Female,21,Business,95.5,4.6,7.5,100.0,100.0,99.9,99.97,Excellent
S137,Male,21,Business,72.2,6.9,7.3,74.5,75.8,83.9,78.07,Good
S138,Male,21,Mathematics,76.8,2.4,8.0,61.7,68.3,70.6,66.87,Good
S139,Male,20,Mathematics,88.1,1.9,8.7,77.9,93.2,90.3,87.13,Excellent
S140,Female,21,Business,67.7,4.4,8.0,86.7,83.6,91.4,87.23,Excellent
S141,Female,18,Mathematics,82.3,5.1,5.2,100.0,100.0,100.0,100.0,Excellent
S142,Female,22,Business,93.1,4.5,5.7,84.8,94.9,87.9,89.2,Excellent
S143,Female,22,Computer Science,63.9,1.4,6.4,77.1,77.5,81.3,78.63,Good
S144,Male,19,Computer Science,81.8,4.4,7.0,89.1,88.4,86.4,87.97,Excellent
S145,Male,19,Information Technology,82.6,2.5,7.5,81.1,74.0,84.4,79.83,Good
S146,Female,22,Computer Science,87.8,5.5,6.3,89.1,100.0,99.7,96.27,Excellent
S147,Female,18,Business,67.6,5.0,7.2,71.8,86.7,91.5,83.33,Excellent
S148,Female,20,Mathematics,66.8,3.1,6.2,65.0,68.3,65.2,66.17,Good
S149,Male,20,Information Technology,85.2,3.7,6.4,87.6,100.0,100.0,95.87,Excellent
S150,Male,18,Mathematics,83.0,2.9,5.6,89.1,100.0,94.9,94.67,Excellent
S151,Male,20,Business,82.5,4.4,6.1,72.9,84.6,74.9,77.47,Good
S152,Female,21,Computer Science,83.5,5.9,5.6,83.1,96.7,100.0,93.27,Excellent
S153,Female,22,Information Technology,73.2,3.0,6.0,82.0,83.3,79.8,81.7,Excellent
S154,Male,22,Business,82.3,5.3,8.1,92.4,89.8,90.3,90.83,Excellent
S155,Female,18,Information Technology,82.9,3.7,6.1,74.4,81.9,79.3,78.53,Good
S156,Male,20,Information Technology,72.9,3.3,9.6,57.8,72.3,82.7,70.93,Good
S157,Female,19,Computer Science,98.7,4.3,7.5,87.3,93.9,84.3,88.5,Excellent
S158,Male,19,Business,84.7,2.9,7.2,91.2,98.8,100.0,96.67,Excellent
S159,Female,20,Mathematics,68.1,3.7,6.1,72.4,77.8,90.1,80.1,Excellent
S160,Male,19,Information Technology,86.6,2.7,7.7,78.0,85.7,83.2,82.3,Excellent
S161,Male,18,Information Technology,70.3,7.4,6.4,94.3,100.0,99.1,97.8,Excellent
S162,Male,18,Mathematics,87.9,4.6,7.1,66.7,66.3,70.3,67.77,Good
S163,Male,20,Business,91.6,3.5,9.6,94.5,86.3,100.0,93.6,Excellent
S164,Male,19,Information Technology,71.8,4.8,6.9,61.7,66.6,74.8,67.7,Good
S165,Male,18,Information Technology,89.6,4.3,8.1,89.5,93.0,91.3,91.27,Excellent
S166,Female,18,Information Technology,84.1,4.2,6.3,74.0,77.7,80.3,77.33,Good
S167,Female,21,Business,88.2,5.4,7.0,78.8,77.0,83.0,79.6,Good
S168,Female,21,Business,99.0,5.6,8.8,99.1,100.0,100.0,99.7,Excellent
S169,Male,18,Mathematics,77.5,3.7,6.4,73.4,82.9,79.7,78.67,Good
S170,Male,20,Business,72.5,3.6,8.8,75.3,85.5,90.4,83.73,Excellent
S171,Female,22,Business,71.1,4.1,7.7,76.7,79.4,85.6,80.57,Excellent
S172,Male,22,Computer Science,71.8,1.0,6.4,80.7,73.3,62.5,72.17,Good
S173,Male,18,Mathematics,79.2,2.2,7.6,69.1,77.0,84.2,76.77,Good
S174,Male,18,Information Technology,83.4,6.6,8.0,72.8,79.3,86.9,79.67,Good
S175,Male,18,Business,82.8,7.0,7.6,100.0,100.0,100.0,100.0,Excellent
S176,Male,20,Information Technology,88.3,4.1,5.4,80.2,82.6,84.3,82.37,Excellent
S177,Female,21,Information Technology,80.1,5.4,6.3,70.1,82.6,84.1,78.93,Good
S178,Female,18,Computer Science,94.5,5.0,6.8,92.5,97.9,97.0,95.8,Excellent
S179,Female,18,Business,77.4,8.0,6.9,100.0,100.0,100.0,100.0,Excellent
S180,Female,19,Mathematics,100.0,6.2,7.6,100.0,100.0,100.0,100.0,Excellent
S181,Female,20,Business,86.3,4.3,7.2,85.6,87.2,82.4,85.07,Excellent
S182,Male,18,Information Technology,71.4,3.1,5.7,69.7,75.0,70.2,71.63,Good
S183,Male,19,Mathematics,69.3,2.1,7.4,79.0,66.7,70.1,71.93,Good
S184,Male,22,Business,84.8,4.8,7.6,99.6,100.0,100.0,99.87,Excellent
S185,Male,18,Information Technology,77.8,3.4,7.6,85.3,78.7,91.4,85.13,Excellent
S186,Female,18,Information Technology,87.1,2.4,8.1,84.2,91.6,90.3,88.7,Excellent
S187,Female,19,Computer Science,84.7,3.5,7.8,96.5,90.7,98.6,95.27,Excellent
S188,Female,20,Computer Science,79.3,2.9,7.5,87.3,83.5,87.1,85.97,Excellent
S189,Male,18,Computer Science,71.5,7.0,6.9,85.5,89.8,87.2,87.5,Excellent
S190,Female,22,Information Technology,64.9,5.8,5.3,75.5,81.0,86.4,80.97,Excellent
S191,Male,18,Business,75.5,4.5,7.4,82.8,86.5,89.5,86.27,Excellent
S192,Female,22,Computer Science,88.6,6.7,7.2,90.0,94.0,100.0,94.67,Excellent
S193,Female,21,Business,82.1,4.6,7.3,100.0,97.4,100.0,99.13,Excellent
S194,Male,21,Computer Science,67.5,3.2,5.7,74.7,70.3,82.5,75.83,Good
S195,Male,22,Mathematics,81.7,6.8,5.9,95.1,100.0,100.0,98.37,Excellent
S196,Female,20,Mathematics,83.9,5.3,8.1,87.5,99.2,96.9,94.53,Excellent
S197,Female,18,Computer Science,71.2,2.9,7.0,68.1,72.8,79.7,73.53,Good
S198,Male,18,Information Technology,81.5,4.2,7.7,61.8,66.3,67.3,65.13,Good
S199,Female,21,Computer Science,80.6,3.2,7.0,92.4,92.0,90.6,91.67,Excellent
S200,Female,22,Computer Science,68.6,2.4,7.0,71.0,78.2,75.5,74.9,Good
S201,Male,18,Information Technology,83.6,5.9,7.9,91.7,100.0,98.6,96.77,Excellent
S202,Female,18,Mathematics,85.6,7.4,6.5,74.1,76.9,75.7,75.57,Good
S203,Male,20,Business,90.8,2.4,7.1,100.0,100.0,98.6,99.53,Excellent
S204,Female,19,Computer Science,90.5,5.3,6.5,92.4,97.4,92.3,94.03,Excellent
S205,Male,21,Information Technology,66.2,3.5,6.6,87.8,87.9,78.4,84.7,Excellent
S206,Female,21,Computer Science,70.6,3.8,6.7,64.7,70.3,74.6,69.87,Good
S207,Male,19,Information Technology,85.2,3.6,7.2,80.1,93.6,92.2,88.63,Excellent
S208,Female,18,Business,85.1,3.2,6.5,80.1,85.1,73.5,79.57,Good
S209,Male,20,Business,85.2,4.6,8.3,78.9,82.9,88.8,83.53,Excellent
S210,Female,20,Mathematics,100.0,3.3,6.1,100.0,100.0,100.0,100.0,Excellent
S211,Female,21,Information Technology,85.7,4.9,6.8,91.8,93.7,82.1,89.2,Excellent
S212,Female,20,Information Technology,91.4,4.4,6.6,92.0,91.6,90.4,91.33,Excellent
S213,Female,19,Mathematics,89.5,4.1,8.4,94.9,84.8,93.8,91.17,Excellent
S214,Female,18,Mathematics,86.5,3.1,7.2,96.0,92.5,85.5,91.33,Excellent
S215,Female,19,Information Technology,76.8,3.6,8.0,76.8,80.3,89.1,82.07,Excellent
S216,Female,22,Mathematics,87.6,5.6,5.5,97.3,95.2,96.7,96.4,Excellent
S217,Female,21,Business,72.3,5.3,7.3,100.0,100.0,100.0,100.0,Excellent
S218,Female,20,Computer Science,77.6,3.0,7.9,78.1,80.7,71.7,76.83,Good
S219,Male,22,Business,75.1,4.6,7.1,90.5,89.4,91.0,90.3,Excellent
S220,Male,20,Mathematics,80.8,5.6,8.1,97.8,96.1,94.1,96.0,Excellent
S221,Female,18,Information Technology,100.0,2.0,6.5,94.9,97.8,97.5,96.73,Excellent
S222,Male,18,Information Technology,61.3,5.3,8.4,92.6,88.9,93.6,91.7,Excellent
S223,Female,18,Business,86.9,3.5,9.3,86.0,94.5,99.6,93.37,Excellent
S224,Female,20,Information Technology,63.9,5.4,6.6,65.8,76.1,68.4,70.1,Good
S225,Male,22,Mathematics,75.3,3.4,6.6,85.3,88.9,80.5,84.9,Excellent
S226,Female,18,Business,90.9,1.8,8.5,59.9,78.2,75.7,71.27,Good
S227,Female,22,Information Technology,80.6,2.1,8.6,88.3,78.3,92.0,86.2,Excellent
S228,Male,20,Computer Science,69.2,4.6,6.5,67.2,79.8,83.9,76.97,Good
S229,Male,22,Computer Science,72.8,4.9,6.6,79.6,85.6,86.8,84.0,Excellent
S230,Female,20,Mathematics,86.8,3.1,6.7,82.6,96.2,86.5,88.43,Excellent
S231,Male,20,Information Technology,72.7,5.5,5.7,87.2,87.6,94.7,89.83,Excellent
S232,Male,21,Mathematics,82.2,2.0,6.1,83.4,80.6,79.4,81.13,Excellent
S233,Female,20,Business,80.5,4.4,6.0,100.0,98.7,100.0,99.57,Excellent
S234,Male,20,Computer Science,73.5,2.7,6.2,75.2,79.6,85.7,80.17,Excellent
S235,Male,19,Business,100.0,3.5,7.0,85.4,93.2,96.5,91.7,Excellent
S236,Female,18,Information Technology,86.3,4.6,7.2,95.1,88.6,100.0,94.57,Excellent
S237,Male,21,Mathematics,59.7,3.2,8.6,78.6,77.6,86.8,81.0,Excellent
S238,Male,21,Mathematics,81.9,3.9,6.0,80.1,69.7,74.5,74.77,Good
S239,Female,21,Mathematics,73.4,6.0,8.0,92.3,97.6,94.7,94.87,Excellent
S240,Female,19,Business,88.5,3.6,6.8,93.0,100.0,85.5,92.83,Excellent
S241,Female,20,Computer Science,72.1,5.8,7.0,84.8,83.9,83.0,83.9,Excellent
S242,Male,18,Business,78.9,2.8,7.7,94.0,90.3,91.1,91.8,Excellent
S243,Female,22,Business,85.0,5.3,5.9,87.4,89.8,88.8,88.67,Excellent
S244,Female,20,Information Technology,88.7,6.7,7.4,88.2,100.0,100.0,96.07,Excellent
S245,Male,19,Information Technology,68.0,1.0,7.2,67.4,63.7,66.3,65.8,Good
S246,Female,20,Information Technology,76.7,3.3,7.5,74.6,82.1,88.5,81.73,Excellent
S247,Female,20,Computer Science,75.3,5.4,7.3,72.5,83.0,80.1,78.53,Good
S248,Female,19,Computer Science,73.5,4.2,9.5,70.7,73.3,72.7,72.23,Good
S249,Female,21,Information Technology,97.7,5.1,6.4,100.0,100.0,100.0,100.0,Excellent
S250,Male,21,Information Technology,84.0,3.6,6.5,75.1,83.0,80.8,79.63,Good
S251,Female,18,Computer Science,67.4,4.6,6.4,71.6,59.6,79.2,70.13,Good
S252,Female,18,Mathematics,89.2,4.3,6.4,77.5,75.4,69.7,74.2,Good
S253,Male,21,Computer Science,100.0,6.3,6.4,93.3,91.8,93.8,92.97,Excellent
S254,Female,22,Computer Science,90.3,4.9,8.2,91.0,71.9,81.5,81.47,Excellent
S255,Male,20,Computer Science,64.8,5.0,8.4,94.2,96.9,89.6,93.57,Excellent
S256,Male,22,Information Technology,75.2,3.9,6.4,78.3,97.0,88.0,87.77,Excellent
S257,Male,20,Mathematics,92.7,3.8,6.2,84.4,82.9,83.2,83.5,Excellent
S258,Female,21,Computer Science,72.9,3.9,7.5,98.0,100.0,100.0,99.33,Excellent
S259,Male,18,Information Technology,84.4,5.1,6.4,100.0,100.0,100.0,100.0,Excellent
S260,Male,18,Business,87.7,3.9,7.6,85.1,91.3,87.7,88.03,Excellent
S261,Male,22,Business,70.7,4.9,7.2,59.7,71.6,69.6,66.97,Good
S262,Female,18,Computer Science,79.4,7.6,5.5,100.0,100.0,100.0,100.0,Excellent
S263,Female,21,Business,50.0,5.8,8.5,62.4,66.8,70.4,66.53,Good
S264,Female,22,Mathematics,69.8,4.0,8.8,59.7,58.9,68.4,62.33,Average
S265,Female,20,Business,77.5,6.3,6.4,93.0,97.7,100.0,96.9,Excellent
S266,Female,18,Business,67.5,3.9,6.6,98.3,94.1,97.4,96.6,Excellent
S267,Female,19,Mathematics,96.3,1.4,7.3,99.3,100.0,83.8,94.37,Excellent
S268,Female,18,Computer Science,65.7,3.0,7.3,78.7,78.8,81.0,79.5,Good
S269,Male,20,Computer Science,75.6,1.7,7.7,71.0,80.6,89.1,80.23,Excellent
S270,Male,22,Mathematics,81.3,4.0,9.0,91.0,94.5,98.4,94.63,Excellent
S271,Male,20,Mathematics,94.4,4.5,6.8,100.0,98.3,100.0,99.43,Excellent
S272,Male,19,Mathematics,65.6,7.0,6.2,84.2,98.7,98.4,93.77,Excellent
S273,Female,21,Business,91.6,5.0,5.6,89.6,90.2,95.7,91.83,Excellent
S274,Male,18,Mathematics,80.1,4.2,6.3,81.7,85.6,87.6,84.97,Excellent
S275,Male,22,Information Technology,70.2,5.7,7.0,72.8,76.0,78.6,75.8,Good
S276,Male,21,Business,84.6,1.2,8.8,75.4,68.5,75.5,73.13,Good
S277,Male,20,Computer Science,82.0,4.9,6.5,71.0,71.5,79.7,74.07,Good
S278,Female,22,Computer Science,74.0,5.7,7.2,85.6,86.3,94.6,88.83,Excellent
S279,Female,21,Computer Science,80.7,2.3,7.0,63.9,69.2,72.6,68.57,Good
S280,Female,22,Business,76.1,6.2,8.2,75.8,77.5,80.7,78.0,Good
S281,Male,19,Information Technology,81.1,5.0,9.5,90.1,82.5,91.5,88.03,Excellent
S282,Female,19,Mathematics,86.6,3.9,6.5,93.1,97.6,100.0,96.9,Excellent
S283,Male,18,Mathematics,95.9,5.4,6.5,100.0,95.4,97.7,97.7,Excellent
S284,Female,18,Computer Science,67.6,7.9,8.0,74.1,82.9,69.6,75.53,Good
S285,Female,19,Computer Science,100.0,4.8,7.7,85.6,87.9,86.7,86.73,Excellent
S286,Female,22,Business,60.5,4.9,8.8,88.3,79.3,82.5,83.37,Excellent
S287,Female,19,Information Technology,78.5,3.8,7.6,65.2,73.7,74.7,71.2,Good
S288,Female,18,Mathematics,85.9,3.2,6.6,70.7,78.8,83.8,77.77,Good
S289,Male,19,Business,82.8,5.7,7.6,84.8,97.0,95.2,92.33,Excellent
S290,Female,19,Mathematics,73.8,3.2,8.1,74.8,78.2,80.8,77.93,Good
S291,Male,22,Computer Science,77.9,4.6,7.8,80.5,76.9,89.9,82.43,Excellent
S292,Male,21,Mathematics,75.1,3.8,7.5,80.8,71.6,74.5,75.63,Good
S293,Male,18,Information Technology,74.1,5.2,8.1,75.1,80.2,86.1,80.47,Excellent
S294,Male,22,Information Technology,88.5,5.0,8.2,91.7,97.1,90.0,92.93,Excellent
S295,Male,19,Computer Science,83.6,6.1,8.4,84.6,81.0,87.1,84.23,Excellent
S296,Female,19,Information Technology,73.1,3.7,7.6,91.1,80.3,85.7,85.7,Excellent
S297,Female,21,Information Technology,89.0,4.1,6.8,95.7,86.7,93.7,92.03,Excellent
S298,Female,18,Business,83.1,3.0,7.1,90.0,82.9,83.6,85.5,Excellent
S299,Female,18,Mathematics,88.1,3.8,8.2,91.1,94.3,83.2,89.53,Excellent
S300,Male,20,Computer Science,86.3,5.1,6.2,100.0,100.0,100.0,100.0,Excellent
